gene_name	logFC	logCPM	F	PValue	FDR
MET	2.29474795529358	18.489370321734	142.267089588246	1.70762551908513e-27	2.73220083053621e-26
CDKN2A	4.56682691300163	11.4602749557433	107.92996195294	3.15973542733741e-22	2.52778834186992e-21
TERT	5.71549743775811	8.37766896809093	23.1050085579954	2.24240558638349e-06	7.17569787642716e-06
